Material,Description,ProdLoc,BinSize,Qty,ProductionLine,StationCode,,,,,,
7683,WASHER RT22120/A4,T7T8.STAT.C.1.1,S,1000,T7T8.STAT,,,,,,,
1000587R0002,F.KIT PR331/332/333 T7-T8(AB),T7T8.STAT.B.1.1,M,50,T7T8.STAT,,,,,,,
1000593R0001,GETTING STARTED PR332/3 (AB)(Manual A4),T7T8.STAT.B.1.2,M,50,T7T8.STAT,,,,,,,
1000682R0002,ISTRUZ.INSTALLAZ. T8(AB),T7T8.STAT.B.1.3,M,50,T7T8.STAT,,,,,,,
162734001,WARNING LABEL,T7T8.STAT.C.1.2,S,1000,T7T8.STAT,,,,,,,
164771806,GR. SOR-SCR 120-127V(IEC) 125-127UL,T7T8.STAT.C.1.3,S,5,T7T8.STAT,,,,,,,
164769803,GEARED MOTOR APPL. 100-130V AC/DC,T7T8.STAT.A.1.1,L,10,T7T8.STAT,,,,,,,
164770801,RELEASE SUPPORT,T7T8.STAT.A.1.2,L,45,T7T8.STAT,,,,,,,
164771801,GR. SOR-SCR 24V DC,T7T8.STAT.B.1.4,M,20,T7T8.STAT,,,,,,,
164771805,YO - YC  110-120 V EMAX ASSEMBLY,T7T8.STAT.B.2.1,M,20,T7T8.STAT,,,,,,,
164771811,GR. SCR 24 V DC,T7T8.STAT.C.1.4,S,5,T7T8.STAT,,,,,,,
164771815,YU 110-120 V EMAX ASSEMBLY,T7T8.STAT.C.1.5,S,5,T7T8.STAT,,,,,,,
165591801,ASS. PADLOCK DEVICE IN OPEN POSITION,T7T8.STAT.C.1.6,S,15,T7T8.STAT,,,,,,,
165591804,GROUP PADLOCK DEVICE IN OPEN 7MM,T7T8.STAT.C.2.1,S,20,T7T8.STAT,,,,,,,
1SDH000593R0001,GETTING STARTED PR332/3,T7T8.STAT.C.2.2,S,60,T7T8.STAT,,,,,,,
23934,VITE AUTOF ACC RT21581/4X20,T7T8.STAT.C.2.3,S,1000,T7T8.STAT,,,,,,,
RA4085803,ELECTRICAL RESET APPL. 110...127V + SEGN,T7T8.STAT.C.2.4,S,5,T7T8.STAT,,,,,,,
RA7124001,T7/X1 TARGHETTA KEY PLUG,T7T8.STAT.C.2.5,S,500,T7T8.STAT,,,,,,,
RA4085801,ELECTRICAL RESET APPL.,T7T8.STAT.A.1.3,L,30,T7T8.STAT,,,,,,,
RA7244001,T7/X1 CARTELLINO PRESCRIZIONI_PR,T7T8.STAT.C.2.6,S,100,T7T8.STAT,,,,,,,
RA6432805,T8 BASIC BREAKER 3P UL,T7T8.STAT,CRATE,20,T7T8.STAT,,,,,,,
RA6432811,T8 UL 3P ASSEMBLY (AB),T7T8.STAT,CRATE,6,T7T8.STAT,,,,,,,
RA6493810,KIT VR TERM 100%RATED 3P,T7T8.STAT,CRATE,2,T7T8.STAT,,,,,,,
164769801,GEARED MOTOR APPLICATION 24-30V AC/DC,T7T8.STAT.C.3.2,M,10,T7T8.STAT,,,,,,,
RA8407001,LABEL 100% RATED T8,T7T8.STAT.C.3.1,S,300,T7T8.STAT,,,,,,,
RA6521802,APPL.4 CONT. AUSILIARI 400V,T7T8.STAT.A.2.1,L,30,T7T8.STAT,,,,,,,
RA6521804,APPL.4 CONT. AUSILIARI 24V,T7T8.STAT.A.2.2,L,30,T7T8.STAT,,,,,,,
RA6521906,APPL.5 CONT. AUSILIARI T8 (AB),T7T8.STAT.A.2.3,L,30,T7T8.STAT,,,,,,,
RA6523801,ANTI-DUST FLANGE T8 FIXED,T7T8.STAT.A.3.1,L,30,T7T8.STAT,,,,,,,
RE0833804,PR030B UNIT (AB),T7T8.STAT.C.3.3,M,15,T7T8.STAT,,,,,,,
RE3195805,RELE LSIG-MM (AB)(Elect),T7T8.STAT.C.3.4,M,20,T7T8.STAT,,,,,,,
165591902,PADLOCK DEVICE CB ROCKWELL,T7T8.STAT.C.4.1,M,30,T7T8.STAT,,,,,,,
RB3725801,T8 RELEASE PR232/P,T7T8.STAT.A.3.2,L,15,T7T8.STAT,,,,,,,
RB5698015,140G-R12K3-E25 LABEL,T7T8.STAT.D.1.1,S,1000,T7T8.STAT,,,,,,,
RB5698019,140G-R12K3-E20-Z1 LABEL,T7T8.STAT.D.1.2,S,1000,T7T8.STAT,,,,,,,
RB5698025,140G-R12K3-E20-W1 LABEL,T7T8.STAT.D.1.3,S,1000,T7T8.STAT,,,,,,,
RB5700001,100% RATED LABEL (AB),T7T8.STAT.D.1.4,S,1000,T7T8.STAT,,,,,,,
RB7744001,AUX_LABEL,T7T8.STAT.D.1.5,S,1000,T7T8.STAT,,,,,,,
RB7751802,DOOR_LOCK_KIT,T7T8.STAT.A.3.3,L,1,T7T8.STAT,,,,,,,
RB7806001,TARGHETTA T8 CCC-ROCKWELL,T7T8.STAT.D.1.6,S,100,T7T8.STAT,,,,,,,
RA6508801,T8 BACKPLANE,T7T8.STAT.C.4.2,M,25,T7T8.STAT,,,,,,,
RA6521801,AUX 5 400V,T7T8.STAT.C.4.3,M,20,T7T8.STAT,,,,,,,
RE0879801,T7-X1 KEY_PLUG,T7T8.STAT.B.2.2,L,700,T7T8.STAT,,,,,,,
RE1508801,JUMPER INSERTED-EXTRAXTED PR331-332,T7T8.STAT.D.2.1,S,1000,T7T8.STAT,,,,,,,
RE0833801,PR030B UNIT,T7T8.STAT.C.4.4,M,20,T7T8.STAT,,,,,,,
RE3195806,RELE PR332/P-MM,T7T8.STAT.B.2.3,L,30,T7T8.STAT,,,,,,,
RE3236805,T7/T8: R. P. UL R1200A,T7T8.STAT.D.2.2,S,100,T7T8.STAT,,,,,,,
RE3236806,T8: R. P. UL R1600A,T7T8.STAT.D.2.3,S,100,T7T8.STAT,,,,,,,
RE3236807,T8: R. P. UL R2000A,T7T8.STAT.D.2.4,S,100,T7T8.STAT,,,,,,,
RE3236808,T8: R. P. UL R2500A,T7T8.STAT.B.3.1,L,15,T7T8.STAT,,,,,,,
RE3236809,T8: R. P. UL R3000A,T7T8.STAT.B.3.2,L,15,T7T8.STAT,,,,,,,
RE3236826,RATING PLUG 2000A UL (AB) T8,T7T8.STAT.D.2.5,S,50,T7T8.STAT,,,,,,,
RE3236827,RATING PLUG 2500A UL (AB) T8,T7T8.STAT.D.2.6,S,50,T7T8.STAT,,,,,,,
RE3408801,ASSIEME FERMA CONNETTORE(Plug),T7T8.STAT.D.3.1,S,50,T7T8.STAT,,,,,,,
RE3502001,SUPPORTO,T7T8.STAT.B.3.3,L,15,T7T8.STAT,,,,,,,
RE3691001,PR332/P LSIG FRONT LABEL T7(AB),T7T8.STAT.D.3.2,S,300,T7T8.STAT,,,,,,,
RP0414001,VITE_AUTOF_ACC_RT21589_3x6,T7T8.STAT.D.3.3,S,1000,T7T8.STAT,,,,,,,
RP0437001,SCREW TAPPING RT21589/3x8,T7T8.STAT.D.3.4,S,500,T7T8.STAT,,,,,,,
RA6521905,4 AUX 1 24V + 3 250V T8(AB),T7T8.STAT.E.4.1,L,30,T7T8.STAT,,,,,,,
RE3194801,PR331 RELAY GROUP,T7T8.STAT.E.3.1,M,20,T7T8.STAT,,,,,,,
1SDH000592R0001,GETTING STARTED PR331,T7T8.STAT.E.3.2,M,100,T7T8.STAT,,,,,,,
RE3193804,PR232 RELAY GROUP T8 (AB),T7T8.STAT.E.3.3,M,10,T7T8.STAT,,,,,,,
RA8752001,TARGHETTA UL T8V-D 2000 III,T7T8.STAT.E.1.1,S,1000,T7T8.STAT,,,,,,,
RA8752003,TARGHETTA UL T8V-D 2500 III,T7T8.STAT.E.1.2,S,1000,T7T8.STAT,,,,,,,
RA8375001,LABEL UL T8V 1600 III,T7T8.STAT.E.1.3,S,1000,T7T8.STAT,,,,,,,
RE1065001,T7-X1 PR331/P LSI FRONT LABEL,T7T8.STAT.E.1.4,S,1000,T7T8.STAT,,,,,,,
RE3411801,ASSIEME FERMACAVO PR23X_331,T7T8.STAT.E.1.5,S,70,T7T8.STAT,,,,,,,
RE3751001,SACE T8MCS(AB) FRONT LABEL,T7T8.STAT.E.1.6,S,100,T7T8.STAT,,,,,,,
RE3888001,T7-T8 MCS COVER TEST  LABEL (AB),T7T8.STAT.E.2.2,S,500,T7T8.STAT,,,,,,,
RE3236824,RATING PLUG 1200A UL (AB) T7-T7M-T8,T7T8.STAT.E.2.1,S,100,T7T8.STAT,,,,,,,
164803001,ACCES.LABEL E1/E6,T7T8.STAT.E.2.3,S,500,T7T8.STAT,,,,,,,
RB5699001,140G-R12S3-E25 LABEL,T7T8.STAT.E.2.4,S,500,T7T8.STAT,,,,,,,
RB7355001,SYMBOL_LABEL-ROCKWELL,T7T8.STAT.E.2.5,S,500,T7T8.STAT,,,,,,,
RB7528001,LABEL MCS RELAY,T7T8.STAT.E.2.6,S,500,T7T8.STAT,,,,,,,
RE3193802,PR232 RELAY GROUP T8,T7T8.STAT.E.3.4,M,100,T7T8.STAT,,,,,,,
RE2122001,SACE T7-T8 MCS COVER TEST  LABEL,T7T8.STAT.D.3.5,S,500,T7T8.STAT,,,,,,,
RE1066001,T7-X1 PR331/P LSIG FRONT LABEL,T7T8.STAT.D.3.6,S,500,T7T8.STAT,,,,,,,
1SDR001802A1809,Ekip Dip LSI In=25A XT2 3p,XT2 XT4 ATO.A.1.1,L,24,XT2 XT4 ATO,ST 140,,,,,,
1SDR001930A1701,XT2 3P Ekip Touch LSI 40A IEC/UL,XT2 XT4 ATO.A.1.2,L,24,XT2 XT4 ATO,ST 140,,,,,,
1SDR001930A1702,XT2 3P Ekip Touch LSI 60A UL,XT2 XT4 ATO.A.1.3,L,24,XT2 XT4 ATO,ST 140,,,,,,
1SDR001931A1701,XT4 3P Ekip Touch LSI 100A IEC/UL,XT2 XT4 ATO.A.2.1,L,24,XT2 XT4 ATO,ST 140,,,,,,
1SDR001931A1702,XT4 3P Ekip Touch LSI 150A UL,XT2 XT4 ATO.A.2.2,L,24,XT2 XT4 ATO,ST 140,,,,,,
1SDR001931A1706,XT4 3P Ekip Touch LSIG 100A IEC/UL,XT2 XT4 ATO.A.2.3,L,24,XT2 XT4 ATO,ST 140,,,,,,
1SDR001931A1715,XT4 3P Ekip Touch Meas LSI 250A IEC/UL,XT2 XT4 ATO.A.3.1,L,24,XT2 XT4 ATO,ST 140,,,,,,
RB2897808,TRIP UNIT XT2 TMF 3P R50 UL,XT2 XT4 ATO.A.3.2,L,24,XT2 XT4 ATO,ST 140,,,,,,
RB2899802,TRIP UNIT XT4 TMA 3P R225 UL,XT2 XT4 ATO.A.3.3,L,24,XT2 XT4 ATO,ST 140,,,,,,
RB2899804,TRIP UNIT XT4 TMA 3P R175 UL,XT2 XT4 ATO.L.1.1,L,24,XT2 XT4 ATO,ST 140,,,,,,
RB2899813,TRIP UNIT XT4 TMF 3P R50 UL,XT2 XT4 ATO.L.1.2,L,24,XT2 XT4 ATO,ST 140,,,,,,
RB2899856,TRIP UNIT XT4 TMF 3P R125 UL,XT2 XT4 ATO.L.1.3,L,24,XT2 XT4 ATO,ST 140,,,,,,
RB2899858,TRIP UNIT XT4 TMF 3P R100 UL,XT2 XT4 ATO.L.2.1,L,24,XT2 XT4 ATO,ST 140,,,,,,
RE2359807,Ekip LSIG XT4 3P 250A,XT2 XT4 ATO.L.2.2,L,24,XT2 XT4 ATO,ST 140,,,,,,
RE2566803,Ekip LSI XT2 3P 60A,XT2 XT4 ATO.L.2.3,L,24,XT2 XT4 ATO,ST 140,,,,,,
RE4305832,XT4 Ekip Hi-Touch LSIG 150A III UL,XT2 XT4 ATO.L.3.1,L,24,XT2 XT4 ATO,ST 140,,,,,,
RE4305845,XT4 Ekip Hi-Touch LSI 250A III IEC/UL,XT2 XT4 ATO.L.3.2,L,24,XT2 XT4 ATO,ST 140,,,,,,
RE4375831,XT2 Ekip Hi-Touch LSIG 40A III IEC/UL,XT2 XT4 ATO.B.2.2,L,24,XT2 XT4 ATO,ST 140,,,,,,
RE4375841,XT2 Ekip Hi-Touch LSI 40A III IEC/UL,XT2 XT4 ATO.B.2.3,L,24,XT2 XT4 ATO,ST 140,,,,,,
RE4375842,XT2 Ekip Hi-Touch LSI 60A III UL,XT2 XT4 ATO.B.3.1,L,24,XT2 XT4 ATO,ST 140,,,,,,
RE4375844,XT2 Ekip Hi-Touch LSI 100A III IEC/UL,XT2 XT4 ATO.B.3.2,L,24,XT2 XT4 ATO,ST 140,,,,,,
RE4375834,XT2 Ekip Hi-Touch LSIG 100A III IEC/UL,XT2 XT4 ATO.B.3.3,L,24,XT2 XT4 ATO,ST 140,,,,,,
RP0273001,CAP SCREW RT21017/M4x14,XT2 XT4 ATO.B.2.1,S,2000,XT2 XT4 ATO,ST 140,,,,,,
RA5405805,FRONT COVER XT2 3P,XT2 XT4 ATO.B.1.1,M,150,XT2 XT4 ATO,ST 140,,,,,,
RA5498805,FRONT COVER XT4,XT2 XT4 ATO.B.1.2,M,150,XT2 XT4 ATO,ST 140,,,,,,
RA5529001,OPERATING LEVER PROTECTION XT4,XT2 XT4 ATO.B.1.3,M,500,XT2 XT4 ATO,ST 140,,,,,,
RA6031002,Operating Lever - Breaking Part,XT2 XT4 ATO.B.1.4,M,500,XT2 XT4 ATO,ST 140,,,,,,
N722EP21020W5,"STL THD ROLLING SCR, SLOTTED HEX, 1.25L",XT2 XT4 ATO.C.1.1,S,1500,XT2 XT4 ATO,ST 4 ,,,,,,
N722EP21006W5,"STL THD ROLLING SCR, SLOTTED HEX, 3/8L",XT2 XT4 ATO.C.1.2,S,1500,XT2 XT4 ATO,ST 4 ,,,,,,
4600298504P002,M6X16 LOW PROFILE SOCKET HD CAP SCR,XT2 XT4 ATO.C.1.3,XS,500,XT2 XT4 ATO,st 3,,,,,,
N721P13006W27,6-32 X .375 PHIL PAN HD THD ROLL SCR,XT2 XT4 ATO.C.1.4,XS,500,XT2 XT4 ATO,st 3,,,,,,
N758P9006W5,4-40 X .375 FLAT HEAD PHILLIPS SCREW,XT2 XT4 ATO.C.1.5,XS,500,XT2 XT4 ATO,st 3,,,,,,
L15EP17020W5,METRIC HEX SOCKET HD CAP SCR,XT2 XT4 ATO.C.1.6,XS,500,XT2 XT4 ATO,st 3,,,,,,
L12P12100B70,"METRIC PAN HD MACH SCR, M4X100",XT2 XT4 ATO.C.2.1,S,300,XT2 XT4 ATO,st 35,,,,,,
3000085385P001,"LABEL, ROUND, A",XT2 XT4 ATO.C.2.2,M,35000,XT2 XT4 ATO,st 34 ,,,,,,
3000085386P001,"LABEL, ROUND, B",XT2 XT4 ATO.C.2.3,M,35000,XT2 XT4 ATO,st 34 ,,,,,,
3000085387P001,"LABEL, ROUND, C",XT2 XT4 ATO.C.2.4,M,35000,XT2 XT4 ATO,st 34 ,,,,,,
3000393827P002,"FILLER SUPPORT ANGLE, XT2",XT2 XT4 ATO.C.3.1,M,100,XT2 XT4 ATO,st 3,,,,,,
RB3347801,KIT FRONT TERM COVER 3P XT4,XT2 XT4 ATO.C.3.2,M,305,XT2 XT4 ATO,st 3,,,,,,
RB6969001,INSULATING PLATE XT2 3P,XT2 XT4 ATO.C.3.3,M,315,XT2 XT4 ATO,st 35,,,,,,
3000293827P001,"FILLER SUPPORT BRACKET, XT2",XT2 XT4 ATO.C.4.1,L,100,XT2 XT4 ATO,st 3,,,,,,
RA5873927,KIT PHASE BARRIERS 3P 25MM UL XT2 XT4,XT2 XT4 ATO.C.4.2,L,350,XT2 XT4 ATO,st 35,,,,,,
RA5880002,TASSELLO_MORSETTI_UL,XT2 XT4 ATO.C.4.3,L,1000,XT2 XT4 ATO,st 34,,,,,,
RB3346801,KIT FRONT TERM COVER 3P XT2,XT2 XT4 ATO.D.1.1,L,450,XT2 XT4 ATO,st 3,,,,,,
RB6968001,INSULATING PLATE XT4 3P,XT2 XT4 ATO.D.1.2,L,500,XT2 XT4 ATO,st 35,,,,,,
RB6592901,KIT_ASSIEME_UNICO_XT2_III_AB,XT2 XT4 ATO.D.2.1,L,135,XT2 XT4 ATO,,,,,,,
RB6593901,KIT_ASSIEME_UNICO_XT4_III_AB,XT2 XT4 ATO.D.2.2,L,155,XT2 XT4 ATO,,,,,,,
RA8490813,GR_ASS_AUX_250V_SALD_SA51_CAB300_IEC/UL,XT2 XT4 ATO.D.3.1,L,20,XT2 XT4 ATO,,,,,,,
RB6593902,KIT_ASSIEME_UNICO_XT4_IV (AB),XT2 XT4 ATO.D.3.2,L,135,XT2 XT4 ATO,,,,,,,
1000453R0001,WARNING BASE CB (AB),XT2 XT4 ATO.E.1.1,S,500,XT2 XT4 ATO,,,,,,,
160220006,Vite speciale testa bassa M8x10,XT2 XT4 ATO.E.1.2,S,800,XT2 XT4 ATO,,,,,,,
1SDR001965A1809,NEW XT2-4 EKIP COM Hub F/P/W,XT2 XT4 ATO.E.1.3,S,10,XT2 XT4 ATO,,,,,,,
1SDR001965A1811,NEW XT2-4 Ekip COM PROFINET F/P/W,XT2 XT4 ATO.E.1.4,S,10,XT2 XT4 ATO,,,,,,,
1SDR001965A1813,NEW XT2-4 Ekip COM IEC61850 F/P/W,XT2 XT4 ATO.E.1.5,S,10,XT2 XT4 ATO,,,,,,,
1SDR001965A1814,NEW XT2-4 Ekip LINK F/P/W,XT2 XT4 ATO.E.1.6,S,1,XT2 XT4 ATO,,,,,,,
1SDR005182A1807,XT4 1/2KIT LUGS 1x350Kcmil 2pcs UL,XT2 XT4 ATO.E.2.1,S,5,XT2 XT4 ATO,,,,,,,
28544,KIT LABEL DRAW. RN0377001,XT2 XT4 ATO.E.2.2,S,1000,XT2 XT4 ATO,,,,,,,
3000243437P2,FINGERSAFE BARRIER LUG ASSY 1SDA075861R1,XT2 XT4 ATO.E.2.3,S,5,XT2 XT4 ATO,,,,,,,
3000276457P001,XT4 LOAD COVER,XT2 XT4 ATO.E.2.4,S,250,XT2 XT4 ATO,,,,,,,
RA0074010,SIDE LASER LABEL XT4 (MOV),XT2 XT4 ATO.E.2.5,S,2000,XT2 XT4 ATO,,,,,,,
RA5772801,ASSIEME_1+1_C_AUX_400V_CAB600_IEC/UL,XT2 XT4 ATO.E.2.6,S,3,XT2 XT4 ATO,,,,,,,
RA5907801,PARTE_MOBILE_XT4_III,XT2 XT4 ATO.E.3.1,S,4,XT2 XT4 ATO,,,,,,,
RA7737901,ASS_RHD_XT2_XT4,XT2 XT4 ATO.E.3.2,S,2,XT2 XT4 ATO,,,,,,,
RA8440809,SOR_ASSEMBLY_24_30V_CAB300_IEC/UL,XT2 XT4 ATO.E.3.3,S,3,XT2 XT4 ATO,,,,,,,
RA8440812,ASS_BA_220_250V_CAB300_IEC/UL,XT2 XT4 ATO.E.3.4,S,3,XT2 XT4 ATO,,,,,,,
RA8440814,SOR_ASSEMBLY_480_525V_CAB600_IEC/UL,XT2 XT4 ATO.E.3.5,S,3,XT2 XT4 ATO,,,,,,,
RA8442811,UVR_ASS 110-127V_CAB300_IEC/UL,XT2 XT4 ATO.E.3.6,S,4,XT2 XT4 ATO,,,,,,,
RA8490806,25_ASS_AUX_24V_SALD_1SY+1Q_CAB300_IEC/UL,XT2 XT4 ATO.E.4.1,S,3,XT2 XT4 ATO,,,,,,,
RA8490814,GR_ASS_AUX_24V_SALD_SA51_CAB300_IEC/UL,XT2 XT4 ATO.E.4.2,S,1,XT2 XT4 ATO,,,,,,,
RB7436801,ASS.MORSETTO CAVI CuAl XT2 UL,XT2 XT4 ATO.E.4.3,S,150,XT2 XT4 ATO,,,,,,,
7686,ROS AC EL DIN137 RT-T22120/8  A,XT2 XT4 ATO.E.4.4,XS,3000,XT2 XT4 ATO,st 34,,,,,,
7966,SCREW TC ACC RT-T21010/5X8,XT2 XT4 ATO.F.1.1,XS,2000,XT2 XT4 ATO,,,,,,,
9603,"WASHER ACC RT-T22000/5,3X10",XT2 XT4 ATO.F.1.2,XS,500,XT2 XT4 ATO,,,,,,,
4600406021P001,"M6 STEEL SAFETY WASHER, BELLEVILLE",XT2 XT4 ATO.F.1.3,XS,500,XT2 XT4 ATO,,,,,,,
817001006,POLYTHENE BAG 250x145,XT2 XT4 ATO.F.1.4,XS,500,XT2 XT4 ATO,,,,,,,
D6A15B1,GREASE RHEOLUBE 368,XT2 XT4 ATO.F.1.5,XS,500,XT2 XT4 ATO,,,,,,,
L401P27W5,METRIC STL HELICAL SPR LOCK WSHR- M8,XT2 XT4 ATO.F.1.6,XS,500,XT2 XT4 ATO,,,,,,,
RB7305001,DATA MATRIX P.I. XT2 XT4,XT2 XT4 ATO.F.2.1,XS,500,XT2 XT4 ATO,,,,,,,
RB7494801,MORSETTO S3/225A(T&B),XT2 XT4 ATO.F.2.2,XS,500,XT2 XT4 ATO,,,,,,,
RB7494802,MORSETTO_225A_P.T.(P&B),XT2 XT4 ATO.F.2.3,XS,35,XT2 XT4 ATO,,,,,,,
RP0051001,SCREW-M3X12,XT2 XT4 ATO.F.2.4,XS,500,XT2 XT4 ATO,,,,,,,
RP0058001,SELF-TA SCREW ACC RT21578/3X12 XT2-XT4,XT2 XT4 ATO.F.2.5,XS,1000,XT2 XT4 ATO,,,,,,,
163009801,MORSETTO S2-3-4 100A,XT2 XT4 ATO.F.3.1,M,500,XT2 XT4 ATO,,,,,,,
1SDH000719R0806,KIT SHEET FCCU AL TERM CABLE,XT2 XT4 ATO.F.3.2,M,600,XT2 XT4 ATO,,,,,,,
1SDR001963A1801,XT2-4 Ekip COM MODBUS TCP S.Alone F/P,XT2 XT4 ATO.F.3.3,M,12,XT2 XT4 ATO,,,,,,,
1SDR001965A1812,NEW XT2-4 Ekip COM ETHERNET/IP F/P/W,XT2 XT4 ATO.F.3.4,M,4,XT2 XT4 ATO,,,,,,,
1SDR003280A1801,XT2 3P KIT FC 10-2-0 AWG UL AUXV,XT2 XT4 ATO.F.4.1,M,50,XT2 XT4 ATO,,,,,,,
1SQC900010M0201,RELIAGEAR NEXT - SERVICE ENTRANCE KIT,XT2 XT4 ATO.F.4.2,M,500,XT2 XT4 ATO,,,,,,,
30018022559P004,RGXT LABEL BLANK 3 X 1,XT2 XT4 ATO.F.4.3,M,12500,XT2 XT4 ATO,,,,,,,
RA0074006,TARGHETTA LATERALE PER LASER XT2,XT2 XT4 ATO.F.4.4,M,7400,XT2 XT4 ATO,,,,,,,
RA0074007,TARGHETTA LATERALE PER LASER XT4,XT2 XT4 ATO.G.1.1,M,5000,XT2 XT4 ATO,,,,,,,
RA0074009,TARGHETTA LATERALE PER LASER XT2,XT2 XT4 ATO.G.1.2,M,5000,XT2 XT4 ATO,,,,,,,
RA5244803,PADLOCK XT2 XT4,XT2 XT4 ATO.G.1.3,M,50,XT2 XT4 ATO,,,,,,,
RA5244804,PADLOCK ON OPEN XT2 XT4,XT2 XT4 ATO.G.1.4,M,50,XT2 XT4 ATO,,,,,,,
RA5498906,GRUPPO_FRONTALE_IV_XT4_(AB),XT2 XT4 ATO.G.2.1,M,50,XT2 XT4 ATO,,,,,,,
RA5545814,BL_CH_AP(CH_UGUALI_A)_XT2_XT4,XT2 XT4 ATO.G.2.2,M,3,XT2 XT4 ATO,,,,,,,
RA5769801,AUX-C3QL250Vac/dcXT2-XT4F/P_CAB300IEC/UL,XT2 XT4 ATO.G.2.3,M,8,XT2 XT4 ATO,,,,,,,
RA5852905,KIT FRONT TERMINALS XT2 3P,XT2 XT4 ATO.G.2.4,M,40,XT2 XT4 ATO,,,,,,,
RA5852906,KIT FRONT TERMINALS XT43P,XT2 XT4 ATO.G.3.1,M,35,XT2 XT4 ATO,,,,,,,
RA5852908,KIT FRONT TERMINALS_XT4_IV,XT2 XT4 ATO.G.3.2,M,10,XT2 XT4 ATO,,,,,,,
RA5862001,TASSELLO_PER_MORSETTO_AL,XT2 XT4 ATO.G.3.3,M,200,XT2 XT4 ATO,,,,,,,
RA6133813,CLAMP FcCuAl 1/2KIT XT4 2pcs 4-300AWG,XT2 XT4 ATO.G.3.4,M,30,XT2 XT4 ATO,,,,,,,
RA6912803,MOE XT2-XT4 110V_IEC/UL,XT2 XT4 ATO.G.4.1,M,2,XT2 XT4 ATO,,,,,,,
RA6912806,MOE-E XT2-XT4 24VdcREMOTE CONTROL_IEC/UL,XT2 XT4 ATO.G.4.2,M,2,XT2 XT4 ATO,,,,,,,
RA8490807,GR_AS_AUX_250V_SALD_1SY+2Q_CAB300_IEC/UL,XT2 XT4 ATO.G.4.3,M,10,XT2 XT4 ATO,,,,,,,
RA8490812,GR_AUX_250V_SAL_2SY+2Q+S51_CAB300_IEC/UL,XT2 XT4 ATO.G.4.4,M,10,XT2 XT4 ATO,,,,,,,
RB2899859,TRIP UNIT _XT4_TMF_III_R90_UL,XT2 XT4 ATO.H.1.1,M,15,XT2 XT4 ATO,,,,,,,
RB3345001,FRONT TERM COVER UL 4P XT4,XT2 XT4 ATO.H.1.2,M,500,XT2 XT4 ATO,,,,,,,
RB6754001,INSULATING PLATE XT4 4P,XT2 XT4 ATO.H.1.3,M,50,XT2 XT4 ATO,,,,,,,
1SDR001965A1810,NEW XT2-4 Ekip COM MODBUS TCP F/P/W,XT2 XT4 ATO.H.2.1,L,14,XT2 XT4 ATO,,,,,,,
1SDR002227A1801,XT2-XT4 Ekip Modbus RTU Stand alone F/P,XT2 XT4 ATO.H.2.2,L,20,XT2 XT4 ATO,,,,,,,
1SDR004095A1801,XT2-4 Ekip COM MODBUS RTU APPL.,XT2 XT4 ATO.H.3.1,L,100,XT2 XT4 ATO,,,,,,,
1SDR005182A1801,XT4 1/2KIT LUGS 1x350Kcmil 3P UL,XT2 XT4 ATO.H.3.2,L,85,XT2 XT4 ATO,,,,,,,
1SDR003250A1801,XT2 3P KIT FC 10-2-0 AWG UL,XT2 XT4 ATO.H.4.1,L,100,XT2 XT4 ATO,,,,,,,
3000273564P,SPD BRACKET FOR XT4 IN SPD LOAD SIDE,XT2 XT4 ATO.H.4.2,L,55,XT2 XT4 ATO,,,,,,,
RA0074008,TARGHETTA LATERALE PER LASER XT4,XT2 XT4 ATO.I.1.1,L,10000,XT2 XT4 ATO,,,,,,,
RA5405905,ASSIEME_FRONTALE_III XT2_(AB),XT2 XT4 ATO.I.1.2,L,180,XT2 XT4 ATO,,,,,,,
RA5772802,ASSIEME_2Q_C_AUX_400V_CAB600_IEC/UL,XT2 XT4 ATO.I.2.1,L,25,XT2 XT4 ATO,,,,,,,
RA5852801,1/2KIT_ASS_TERM_FRONT_XT2_III,XT2 XT4 ATO.I.2.2,L,105,XT2 XT4 ATO,,,,,,,
RA5871802,KIT HIGH TERMINAL COVER III,XT2 XT4 ATO.I.3.1,L,15,XT2 XT4 ATO,,,,,,,
RA5873815,1/2KIT_SEP_FASE_III_25mm UL,XT2 XT4 ATO.I.3.2,L,600,XT2 XT4 ATO,,,,,,,
RA5888802,KIT HIGH TERM COVER III,XT2 XT4 ATO.J.1.1,L,10,XT2 XT4 ATO,,,,,,,
RA5960805,1/2KIT ASS_TERM_FcCu_XT2_III_UL,XT2 XT4 ATO.J.1.2,L,200,XT2 XT4 ATO,,,,,,,
RA8111807,KIT INSTALL W/ FLANGE XT4 3P,XT2 XT4 ATO.J.2.1,L,35,XT2 XT4 ATO,,,,,,,
RA8111820,KIT INSTALL W/O FLANGE XT2 UL,XT2 XT4 ATO.J.2.2,L,100,XT2 XT4 ATO,,,,,,,
RA8440811,SOR_ASSEMBLY_110_127V_CAB300_IEC/UL,XT2 XT4 ATO.J.3.1,L,30,XT2 XT4 ATO,,,,,,,
RA8490805,GR_AS_AUX_250V_SALD_1SY+1Q_CAB300_IEC/UL,XT2 XT4 ATO.J.3.2,L,80,XT2 XT4 ATO,,,,,,,
RA7737921,RHE_B_XT2_XT4 (SINGLE),XT2 XT4 ATO.K.1.1,L,10,XT2 XT4 ATO,,,,,,,
RA8111821,KIT INSTALL W/O FLANGE XT4 UL,XT2 XT4 ATO.k.1.2,L,100,XT2 XT4 ATO,,,,,,,
RA8490810,GR_ASS_AUX_24V_SALD_1SY+3Q_CAB300_IEC/UL,XT2 XT4 ATO.k.2.1,L,80,XT2 XT4 ATO,,,,,,,
RA5498905,GRUPPO_FRONTALE_III_XT4_(AB),XT2 XT4 ATO.k.2.2,L,70,XT2 XT4 ATO,,,,,,,
RA5852802,XT4 NUT PLATE 3PIECE,XT2 XT4 ATO.K.3.1,L,120,XT2 XT4 ATO,,,,,,,
RA5873928,KIT PHASE BARRIERS 4P 25mm UL,XT2 XT4 ATO.K.3.2,L,200,XT2 XT4 ATO,,,,,,,
1SDR001925A1801,1/2 KIT LUG 350Kcmil XT4 3P,XT2 XT4 ATO,Crate,50,XT2 XT4 ATO,,,,,,,
3000257979A001,"ASM, FIELD INSTALL KIT, XT4 IP20 C-CLIP",XT2 XT4 ATO,Crate,220,XT2 XT4 ATO,st 3,,,,,,
3000257982A001,"ASM, OFFSET, FIK/LSC, XT2 IP20 C-CLIP",XT2 XT4 ATO,Crate,200,XT2 XT4 ATO,st 3,,,,,,
3000259958P001,"BRACKET, MOUNTING, XT4 BREAKER",XT2 XT4 ATO,Crate,750,XT2 XT4 ATO,st 35,,,,,,
3000259961P001,"BRACKET, MOUNTING, XT2 BREAKER",XT2 XT4 ATO,Crate,750,XT2 XT4 ATO,st 35,,,,,,
3000357979A001,"ASM, LSC, 1-PH (A-C), XT4 IP20 C-CLIP",XT2 XT4 ATO,Crate,220,XT2 XT4 ATO,,,,,,,
30015572587P003,RGXT FILLER PLATE XT4,XT2 XT4 ATO,Crate,300,XT2 XT4 ATO,,,,,,,
30016310533P004,"ENTELLEON XT, SNTB PKG, FIK XT4 SUPPORT",XT2 XT4 ATO,Crate,1,XT2 XT4 ATO,,,,,,,
30016310534P004,"ENTELLEON XT, SNTB PKG, FIK XT4 SHIPPER",XT2 XT4 ATO,Crate,1,XT2 XT4 ATO,,,,,,,
RA5483912,BASE ASSEMBLY XT4_III_160_(AB),XT2 XT4 ATO,Crate,50,XT2 XT4 ATO,ST 140,,,,,,
RA8729901,ASS_RHE_XT2_XT4,XT2 XT4 ATO,Crate,10,XT2 XT4 ATO,,,,,,,
RC0225801,BASIC ASSEMBLY XT4X/V III,XT2 XT4 ATO,Crate,240,XT2 XT4 ATO,ST 140,,,,,,
RC0618811,ASS.BASE INTERM.XT2 III RA5398815,XT2 XT4 ATO,Crate,240,XT2 XT4 ATO,ST 140,,,,,,
RC0618813,ASS.BASE INTERM.XT2 III LEGERO RA5398817,XT2 XT4 ATO,Crate,240,XT2 XT4 ATO,ST 140,,,,,,
RC0628816,MIDDLE  BASIC ASS.Y XT4 3P (RA6063811),XT2 XT4 ATO,Crate,220,XT2 XT4 ATO,ST 140,,,,,,
RC0628817,ASS_BASE_INTERM._XT4_IV (RA6063812),XT2 XT4 ATO,Crate,10,XT2 XT4 ATO,ST 140,,,,,,
RB2897811,TRIP UNIT XT2 TMF 3P R30 UL,XT2 XT4 ATO.M.1.1,L,24,XT2 XT4 ATO,ST 140,,,,,,
RA5855801,1/2KIT TERM ANT DIVAR XT2 III,XT2 XT4 ATO,Crate,50,XT2 XT4 ATO,,,,,,,
RB2897814,TRIP UNIT XT2 TMF 3P R15 UL,XT2 XT4 ATO.M.1.2,L,24,XT2 XT4 ATO,ST 140,,,,,,
1SDR001931A1705,XT4 3P Ekip Touch LSI 250A IEC/UL,XT2 XT4 ATO.M.1.3,L,24,XT2 XT4 ATO,ST 140,,,,,,
RA5961805,1/2KIT ASS_TERM_FcCu_XT4 III UL,XT2 XT4 ATO,Crate,50,XT2 XT4 ATO,,,,,,,
RB2897804,TRIP UNIT XT2 TMA 3P R90 UL,XT2 XT4 ATO.M.2.1,L,24,XT2 XT4 ATO,ST 140,,,,,,
RB2899812,TRIP UNIT XT4 TMF 3P R60 UL,XT2 XT4 ATO.M.2.1,L,24,XT2 XT4 ATO,ST 140,,,,,,
RA4131001,SCREW M4X8 ( RP0112/001- RT21032 ),XT2 XT4 TU.A.1.1,XS,4000,XT2 XT4 TU,ST10,,,,,,
RA5413001,TS INOX SCREW NON-MAGNETIC,XT2 XT4 TU.A.1.2,XS,2500,XT2 XT4 TU,ST10,,,,,,
RB0961001,SPRING,XT2 XT4 TU.A.1.3,XS,500,XT2 XT4 TU,ST10,,,,,,
RB0969001,MAGNETIC SPRING,XT2 XT4 TU.A.1.4,XS,5000,XT2 XT4 TU,ST10,,,,,,
RB0972001,Magentic Spring - White,XT2 XT4 TU.A.1.5,XS,5000,XT2 XT4 TU,ST10,,,,,,
RE2247001,ONDULATING SPRING(BAUMANN PART N.120597),XT2 XT4 TU.A.2.1,XS,1000,XT2 XT4 TU,ST10,,,,,,
RA9197001,TEST BUTTOM,XT2 XT4 TU.A.2.2,XS,5000,XT2 XT4 TU,ST10,,,,,,
RB0965001,MAGNETIC SPRING - VIOLET,XT2 XT4 TU.A.2.3,XS,5000,XT2 XT4 TU,ST10,,,,,,
RB0966001,MAGNETIC SPRING - RED,XT2 XT4 TU.A.2.4,XS,5000,XT2 XT4 TU,ST10,,,,,,
RB0968001,MAGNETIC SPRING - YELLOW,XT2 XT4 TU.A.2.5,XS,5000,XT2 XT4 TU,ST10,,,,,,
RB0971001,MAGNETIC SPRING - BROWN,XT2 XT4 TU.A.3.1,XS,5000,XT2 XT4 TU,ST10,,,,,,
RB0973001,MAGNETIC SPRING - SKY BLUE,XT2 XT4 TU.A.3.2,XS,5000,XT2 XT4 TU,ST10,,,,,,
RB5252001,MAGNETIC SPRING,XT2 XT4 TU.A.3.3,XS,5000,XT2 XT4 TU,ST10,,,,,,
RB0974001,MAGNETIC SPRING - BLUE,XT2 XT4 TU.A.3.4,XS,5000,XT2 XT4 TU,ST10,,,,,,
RP0387001,VASELINE GREASE RT16850/A2,XT2 XT4 TU.A.3.5,XS,5000,XT2 XT4 TU,ST10,,,,,,
RP0387001,VASELINE GREASE RT16850/A2,XT2 XT4 TU.A.4.1,XS,5000,XT2 XT4 TU,ST10,,,,,,
RA5709001,INSULATING CASE B.P.,XT2 XT4 TU.A.4.2,M,600,XT2 XT4 TU,ST10,,,,,,
RE1908001,BAR COVER XT4,XT2 XT4 TU.A.4.3,M,1500,XT2 XT4 TU,ST10,,,,,,
RB0970001,MAGNETIC SPRING - BEIGE,XT2 XT4 TU.A.4.4,XS,5000,XT2 XT4 TU,ST10,,,,,,
RA5668001,GUIDE,XT2 XT4 TU.B.1.1,S,500,XT2 XT4 TU,ST20,,,,,,
RA5697001,TEST BUTTON,XT2 XT4 TU.B.1.2,XS,250,XT2 XT4 TU,ST20,,,,,,
RA5390002,TRIP SHAFT,XT2 XT4 TU.B.1.3,XS,5000,XT2 XT4 TU,ST20,,,,,,
RA9196002,TRIP SHAFT 4P - XT2,XT2 XT4 TU.B.1.4,XS,50,XT2 XT4 TU,ST20,,,,,,
RA9194001,GUIDE,XT2 XT4 TU.B.1.5,XS,5000,XT2 XT4 TU,ST20,,,,,,
RE1769801,TC NEW TMAX ASS.Y,XT2 XT4 TU.B.2.1,M,400,XT2 XT4 TU,ST20,,,,,,
RE2895001,BOARD COVER XT4,XT2 XT4 TU.B.2.2,M,220,XT2 XT4 TU,ST20,,,,,,
RA5673001,HIGH ADJUSTER TMA/MCP XT4,XT2 XT4 TU.B.2.3,S,500,XT2 XT4 TU,ST30,,,,,,
RA5673002,LOW ADJUSTER TMF/MCP XT4,XT2 XT4 TU.B.2.4,S,525,XT2 XT4 TU,ST30,,,,,,
RA5696001,SPRING GUIDE ROD,XT2 XT4 TU.B.2.5,XS,250,XT2 XT4 TU,ST30,,,,,,
RA7139005,SELF-TAPPING SCREW DIA 3X12,XT2 XT4 TU.B.3.1,S,1000,XT2 XT4 TU,ST30,,,,,,
RB0494001,TRIP SPRING,XT2 XT4 TU.B.3.2,XS,200,XT2 XT4 TU,ST30,,,,,,
RB0495001,TRIP LEVER,XT2 XT4 TU.B.3.3,S,200,XT2 XT4 TU,ST30,,,,,,
RB0504001,PIN,XT2 XT4 TU.B.3.4,XS,300,XT2 XT4 TU,ST30,,,,,,
RA7139008,SELF-TAPPING SCREW DIA 3X15,XT2 XT4 TU.B.3.5,XS,5000,XT2 XT4 TU,ST30,,,,,,
RA9198001,TRIP LEVER,XT2 XT4 TU.B.4.1,XS,5000,XT2 XT4 TU,ST30,,,,,,
RA9201001,PIN,XT2 XT4 TU.B.4.2,XS,5000,XT2 XT4 TU,ST30,,,,,,
RA9200001,RELEASE SPRING,XT2 XT4 TU.B.4.3,XS,5000,XT2 XT4 TU,ST30,,,,,,
RA5736002,HIGH ADJUSTER TMA XT2,XT2 XT4 TU.B.4.4,XS,5000,XT2 XT4 TU,ST30,,,,,,
RA5736001,HIGH ADJUSTER TMA/MCP XT2,XT2 XT4 TU.B.4.5,XS,5000,XT2 XT4 TU,ST30,,,,,,
RA9199001,TRIP LEVER SPRING,XT2 XT4 TU.B.5.1,XS,5000,XT2 XT4 TU,ST30,,,,,,
RA5736003,LOW ADJUSTER TMF XT2,XT2 XT4 TU.B.5.2,XS,5000,XT2 XT4 TU,ST30,,,,,,
RA5736004,LOW ADJUSTER TMF/MCP XT2,XT2 XT4 TU.B.5.3,XS,5000,XT2 XT4 TU,ST30,,,,,,
RA7139008,SELF-TAPPING SCREW DIA 3X15,XT2 XT4 TU.B.5.4,XS,5000,XT2 XT4 TU,ST30,,,,,,
RP0825001,SCREW STEEL RT21044/M3X9,XT2 XT4 TU.C.1.1,XS,5000,XT2 XT4 TU,ST40,,,,,,
500587003,STEEL SCREW RT21044/M3X8,XT2 XT4 TU.C.1.2,XS,5000,XT2 XT4 TU,ST40,,,,,,
RA9491001,TRASPARENT PROTECTION,XT2 XT4 TU.C.1.3,XS,5000,XT2 XT4 TU,ST50,,,,,,
RE2079001,TRASPARENT PROTECTION T2R 3P,XT2 XT4 TU.C.1.4,XS,5000,XT2 XT4 TU,ST50,,,,,,
RE2009001,TRIP UNIT TRASP. PROTECTION T3R 4P POLAR,XT2 XT4 TU.C.1.5,XS,5000,XT2 XT4 TU,ST50,,,,,,
RA5700001,TRASPARENT PROTECTION XT4 4P - TM,XT2 XT4 TU.C.2.1,XS,5000,XT2 XT4 TU,ST50,,,,,,
RA5744001,TRASPARENT PROTECTION XT2 4P - TM,XT2 XT4 TU.C.2.2,XS,5000,XT2 XT4 TU,ST50,,,,,,
RE1934001,TRIP UNIT TRASPARENT PROTECTION T2 4P,XT2 XT4 TU.C.2.3,XS,5000,XT2 XT4 TU,ST50,,,,,,
RA5699001,TRASPARENT PROTECTION 3P,XT2 XT4 TU.C.2.4,M,1250,XT2 XT4 TU,ST50,,,,,,
RE2101001,TRIP UNIT TRASPARENT PROTECTION XT4 3P,XT2 XT4 TU.C.2.5,M,250,XT2 XT4 TU,ST50,,,,,,
RA9193808,I3 OPERATING MECHANISM GROUP,XT2 XT4 TU.C.3.1,L,450,XT2 XT4 TU,,,,,,,
RB1129001,PIN,XT2 XT4 TU.C.3.2,S,2000,XT2 XT4 TU,,,,,,,
RA5651001,TRIP CASE 3P,XT2 XT4 TU.D.1.1,L,50,XT2 XT4 TU,,,,,,,
RA5654003,TRIP COVER 3P,XT2 XT4 TU.D.1.2,L,200,XT2 XT4 TU,,,,,,,
RA5657004,TRIP UNIT FRONTAL 3P,XT2 XT4 TU.D.1.3,L,500,XT2 XT4 TU,,,,,,,
RA5651001,TRIP CASE 3P,XT2 XT4 TU.D.2.1,L,50,XT2 XT4 TU,,,,,,,
RA5658801,THERM. GROUP R250 IEC/UL - XT4,XT2 XT4 TU.D.2.2,L,560,XT2 XT4 TU,,,,,,,
RA5658802,THERM. GROUP R225,XT2 XT4 TU.D.2.3,L,560,XT2 XT4 TU,,,,,,,
RA5651001,TRIP CASE 3P,XT2 XT4 TU.D.3.1,L,50,XT2 XT4 TU,,,,,,,
RA5658803,THERM. GROUP R200 IEC/UL - XT4,XT2 XT4 TU.D.3.2,L,560,XT2 XT4 TU,,,,,,,
RA5658804,THERM. GROUP R160 IEC/R175-R160 UL,XT2 XT4 TU.D.3.3,L,560,XT2 XT4 TU,,,,,,,
RA5657001,TRIP UNIT FRONTAL 3P,XT2 XT4 TU.E.1.1,M,150,XT2 XT4 TU,,,,,,,
RA5657005,TRIP UNIT FRONTAL (AB) 3P - XT4 - TMA,XT2 XT4 TU.E.1.2,M,150,XT2 XT4 TU,,,,,,,
RA5657007,MA TRIP UNIT FRONTAL (AB),XT2 XT4 TU.E.1.3,M,150,XT2 XT4 TU,,,,,,,
RA5658805,THERM. GROUP R125 IEC/UL,XT2 XT4 TU.E.1.4,M,220,XT2 XT4 TU,,,,,,,
RA5674001,TRIP SHAFT,XT2 XT4 TU.E.2.1,M,200,XT2 XT4 TU,,,,,,,
RA5674002,TRIP SHAFT,XT2 XT4 TU.E.2.2,M,200,XT2 XT4 TU,,,,,,,
RA5674003,TRIP SHAFT - XT4 -TM,XT2 XT4 TU.E.2.3,M,200,XT2 XT4 TU,,,,,,,
RA5674004,TRIP SHAFT,XT2 XT4 TU.E.2.4,M,200,XT2 XT4 TU,,,,,,,
RA5674005,TRIP SHAFT,XT2 XT4 TU.E.3.1,M,200,XT2 XT4 TU,,,,,,,
RA5676001,MANGETIC SHAFT 3P,XT2 XT4 TU.E.3.2,M,200,XT2 XT4 TU,,,,,,,
RA5676006,MAGNETIC SHAFT 3P UL,XT2 XT4 TU.E.3.3,M,200,XT2 XT4 TU,,,,,,,
RA5685814,TRIP MOVING CORE GROUP UL,XT2 XT4 TU.E.3.4,M,500,XT2 XT4 TU,,,,,,,
RA5685815,TRIP MOVING CORE GROUP UL,XT2 XT4 TU.E.4.1,M,500,XT2 XT4 TU,,,,,,,
RA5708810,THROUGH BAR GROUP - XT4 - MCP/MCS,XT2 XT4 TU.E.4.2,M,150,XT2 XT4 TU,,,,,,,
RA5710002,FIXED CORE,XT2 XT4 TU.E.4.3,M,1000,XT2 XT4 TU,,,,,,,
RA5710003,FIXED CORE - XT4 - TM/MCP/MCS,XT2 XT4 TU.E.4.4,M,450,XT2 XT4 TU,,,,,,,
RB0520001,RELEASE SPRING,XT2 XT4 TU.F.1.1,S,200,XT2 XT4 TU,,,,,,,
RB1401801,I3 GROUP MCS - XT4 - Grey,XT2 XT4 TU.F.1.2,M,300,XT2 XT4 TU,,,,,,,
RB1401802,I3 GROUP MCS - XT4 - White,XT2 XT4 TU.F.1.3,M,300,XT2 XT4 TU,,,,,,,
RB1401803,I3 ASS.Y XT4,XT2 XT4 TU.F.1.4,M,500,XT2 XT4 TU,,,,,,,
RB1401804,OPERATING MECH. ASS.Y XT4,XT2 XT4 TU.F.2.1,M,250,XT2 XT4 TU,,,,,,,
RE1905001,TRIP COVER XT4 4P,XT2 XT4 TU.F.2.2,M,150,XT2 XT4 TU,,,,,,,
RE1912801,XT4 TA CONN. 40A ASS.Y,XT2 XT4 TU.F.2.3,M,100,XT2 XT4 TU,,,,,,,
RE1912802,XT4 TA CONN. 60/63A ASS.Y,XT2 XT4 TU.F.2.4,M,100,XT2 XT4 TU,,,,,,,
RE1912805,XT4 TA CONN. 150/160A ASS.Y,XT2 XT4 TU.F.3.1,M,200,XT2 XT4 TU,,,,,,,
RE1912808,XT4 TA CONN. 225A ASS.Y,XT2 XT4 TU.F.3.2,M,100,XT2 XT4 TU,,,,,,,
RE1994001,TRIP UNIT FRONTAL XT4 4P,XT2 XT4 TU.F.3.3,M,100,XT2 XT4 TU,,,,,,,
RE2099001,TRIP UNIT COVER XT4 3P,XT2 XT4 TU.F.3.4,M,200,XT2 XT4 TU,,,,,,,
RE2533001,TRIP UNIT CASE XT4 4P,XT2 XT4 TU.F.4.1,M,50,XT2 XT4 TU,,,,,,,
RE2057801,EKIP LSIG BASE BOARD PCA,XT2 XT4 TU.F.4.2,M,100,XT2 XT4 TU,,,,,,,
1SDR001807A1001,EKIP DIP FRONTAL XT4 III,XT2 XT4 TU.F.4.3,M,220,XT2 XT4 TU,,,,,,,
1SDR005567A1001,ONDULATING SPRING,XT2 XT4 TU.F.4.4,S,5000,XT2 XT4 TU,,,,,,,
RE2532001,TRIP UNIT CASE XT4 3P,XT2 XT4 TU.G.1.1,L,50,XT2 XT4 TU,,,,,,,
RE1912804,XT4 TA CONN. 100A ASS.Y,XT2 XT4 TU.G.1.2,L,450,XT2 XT4 TU,,,,,,,
RE1912807,XT4 TA CONN. 250A ASS.Y,XT2 XT4 TU.G.1.3,L,450,XT2 XT4 TU,,,,,,,
RE2532001,TRIP UNIT CASE XT4 3P,XT2 XT4 TU.G.2.1,L,50,XT2 XT4 TU,,,,,,,
RE1912807,XT4 TA CONN. 250A ASS.Y,XT2 XT4 TU.G.2.2,L,450,XT2 XT4 TU,,,,,,,
RE2100001,TRIP UNIT FRONTAL XT4 3P,XT2 XT4 TU.G.2.3,L,400,XT2 XT4 TU,,,,,,,
RE2532001,TRIP UNIT CASE XT4 3P,XT2 XT4 TU.G.3.1,L,50,XT2 XT4 TU,,,,,,,
RE4236803,XT2-XT4-UT2-UT4 EKIP LS/I PCBA-SHORTAGE,XT2 XT4 TU.G.3.2,L,220,XT2 XT4 TU,,,,,,,
RE4237801,XT2-XT4 Ekip Dip LSIG PCBA,XT2 XT4 TU.G.3.3,L,220,XT2 XT4 TU,,,,,,,
1000453R0002,TRIP UNIT WARNING (AB),XT2 XT4 TU.H.1.1,S,500,XT2 XT4 TU,,,,,,,
1000721R0505,TRIP UNIT MOUNTING XT2-XT4(AB),XT2 XT4 TU.H.1.2,S,200,XT2 XT4 TU,,,,,,,
1SDH000721R0505,TRIP UNIT MOUNTING XT2-4,XT2 XT4 TU.H.1.3,S,600,XT2 XT4 TU,,,,,,,
78857,Quality Gate Sticker - XT2/XT4 TU,XT2 XT4 TU.H.1.4,S,4000,XT2 XT4 TU,,,,,,,
RA5671003,"SCREW T20 M4X9,5 CL.12.9",XT2 XT4 TU.H.1.5,S,500,XT2 XT4 TU,,,,,,,
1SDE000618G1001,XT4 Ekip Dip LSI 3P Label,XT2 XT4 TU.H.2.1,XS,500,XT2 XT4 TU,,,,,,,
1SDE000619G1001,XT4 Ekip Dip LSIG 3P Label,XT2 XT4 TU.H.2.2,XS,500,XT2 XT4 TU,,,,,,,
1SDE001499G1001,XT4 Ekip DIP LSI 3P Ne Fixed Label,XT2 XT4 TU.H.2.3,XS,500,XT2 XT4 TU,,,,,,,
1SDE001500G1001,XT4 Ekip DIP LSIG 3P Ne Fixed Label,XT2 XT4 TU.H.2.4,XS,500,XT2 XT4 TU,,,,,,,
1SDH000721R0506,k.s.TRIP UNIT Ekip LSI Ekip LSIG XT2-XT4,XT2 XT4 TU.H.2.5,XS,500,XT2 XT4 TU,,,,,,,
1SDH000721R0510,TRIP UNIT EKIP DIP LSI-LSIG,XT2 XT4 TU.H.3.1,XS,500,XT2 XT4 TU,,,,,,,
1SDR001809A1001,EKIP DIP TRANSPARENT PROTECTION XT4 III,XT2 XT4 TU.H.3.2,XS,20,XT2 XT4 TU,,,,,,,
500587003,STEEL SCREW RT21044/M3X8,XT2 XT4 TU.H.3.3,XS,5000,XT2 XT4 TU,,,,,,,
RE2323001,EKIP LS/I XT4 III LABEL,XT2 XT4 TU.H.3.4,XS,500,XT2 XT4 TU,,,,,,,
RE2329001,EKIP LS/I XT4 4P LABEL (SEL. NE),XT2 XT4 TU.H.3.5,XS,500,XT2 XT4 TU,,,,,,,
RE2333001,Ekip LSI  XT4-III LABEL,XT2 XT4 TU.H.4.1,XS,500,XT2 XT4 TU,,,,,,,
RP0365001,SELF-TAPPING SCREW RT21589/3.5X12,XT2 XT4 TU.H.4.2,XS,4000,XT2 XT4 TU,,,,,,,
RP0654001,TAPPING COUNTER HEAD SCREW RT21570/M3X7,XT2 XT4 TU.H.4.3,XS,5000,XT2 XT4 TU,,,,,,,
RE2531001,TRIP UNIT CASE XT2 3P,XT2 XT4 TU.I.1.1,L,50,XT2 XT4 TU,,,,,,,
RE1561803,TA CONN. ASS.Y 100A,XT2 XT4 TU.I.1.2,L,450,XT2 XT4 TU,,,,,,,
RE1561804,TA CONN. ASS.Y 125A,XT2 XT4 TU.I.1.3,L,450,XT2 XT4 TU,,,,,,,
RE2531001,TRIP UNIT CASE XT2 3P,XT2 XT4 TU.I.2.1,L,50,XT2 XT4 TU,,,,,,,
RE2077001,TRIP UNIT COVER TWR 3P,XT2 XT4 TU.I.2.2,L,400,XT2 XT4 TU,,,,,,,
RE2717801,I3 GROUP XT2,XT2 XT4 TU.I.2.3,L,450,XT2 XT4 TU,,,,,,,
RE2531001,TRIP UNIT CASE XT2 3P,XT2 XT4 TU.I.3.1,L,50,XT2 XT4 TU,,,,,,,
RE4236803,XT2-XT4-UT2-UT4 EKIP LS/I PCBA,XT2 XT4 TU.I.3.2,L,220,XT2 XT4 TU,,,,,,,
1SDE000606G1001,XT2 Ekip DIP LSI 3P LABEL,XT2 XT4 TU.J.1.1,XS,500,XT2 XT4 TU,,,,,,,
1SDE000607G1001,XT2 Ekip DIP LSIG 3P LABEL,XT2 XT4 TU.J.1.2,XS,500,XT2 XT4 TU,,,,,,,
1SDE001497G1001,XT2 Ekip DIP LSI 3P Ne Fixed Label,XT2 XT4 TU.J.1.3,XS,500,XT2 XT4 TU,,,,,,,
1SDE001498G1001,XT2 Ekip DIP LSIG 3P Ne Fixed Label,XT2 XT4 TU.J.1.4,XS,500,XT2 XT4 TU,,,,,,,
RE1932001,EKIP LS/I XT2 III LABEL,XT2 XT4 TU.J.1.5,XS,1000,XT2 XT4 TU,,,,,,,
RE2278001,Ekip LSI  XT2-III LABEL,XT2 XT4 TU.J.2.1,XS,500,XT2 XT4 TU,,,,,,,
1SDR001803A1001,EKIP DIP FRONTAL XT2 III,XT2 XT4 TU.J.2.2,M,200,XT2 XT4 TU,,,,,,,
1SDR002239A1001,XT2 EKIP DIP BOARD PROTECTION,XT2 XT4 TU.J.2.3,M,200,XT2 XT4 TU,,,,,,,
RE1561801,TA CONN. ASS.Y 60/63A,XT2 XT4 TU.J.2.4,M,200,XT2 XT4 TU,,,,,,,
RE2014802,TA XT2 25A IEC,XT2 XT4 TU.J.3.1,M,90,XT2 XT4 TU,,,,,,,
RE2014803,TA XT2 25A UL,XT2 XT4 TU.J.3.2,M,90,XT2 XT4 TU,,,,,,,
RE2078001,FRONTAL TRIP UNIT T2R 3P,XT2 XT4 TU.J.3.3,M,200,XT2 XT4 TU,,,,,,,
RE2717802,I3 GROUP XT2 LIGHT,XT2 XT4 TU.J.3.4,M,100,XT2 XT4 TU,,,,,,,
RE2719801,I3 OP. MECH.  GROUP,XT2 XT4 TU.J.4.1,M,200,XT2 XT4 TU,,,,,,,
RE2719802,I3 OP. MECH. GROUP LIGHT,XT2 XT4 TU.J.4.2,M,100,XT2 XT4 TU,,,,,,,
RA5403004,TRIP UNIT CASE,XT2 XT4 TU.K.1.1,L,50,XT2 XT4 TU,,,,,,,
RA5404004,TRIP UNIT COVER,XT2 XT4 TU.K.1.2,L,500,XT2 XT4 TU,,,,,,,
RA5724802,TERM. GR R125 IEC R100/110/125 UL-XT2 TM,XT2 XT4 TU.K.1.3,L,450,XT2 XT4 TU,,,,,,,
RA5403004,TRIP UNIT CASE,XT2 XT4 TU.K.2.1,L,50,XT2 XT4 TU,,,,,,,
RA5724804,TERM. GROUP R80 IEC/R70-80 UL,XT2 XT4 TU.K.2.2,L,450,XT2 XT4 TU,,,,,,,
RA5739813,TRIP MOVING CORE GROUP,XT2 XT4 TU.K.2.3,L,450,XT2 XT4 TU,,,,,,,
RA5403004,TRIP UNIT CASE,XT2 XT4 TU.K.3.1,L,50,XT2 XT4 TU,,,,,,,
RA5739814,TRIP MOVING CORE GROUP,XT2 XT4 TU.K.3.2,L,450,XT2 XT4 TU,,,,,,,
RA9193807,I3 GROUP,XT2 XT4 TU.K.3.3,L,450,XT2 XT4 TU,,,,,,,
RA5394001,MAGNETIC SHAFT 3P,XT2 XT4 TU.L.1.1,M,200,XT2 XT4 TU,,,,,,,
RA5394004,MAGNETIC SHAFT 3P,XT2 XT4 TU.L.1.2,M,200,XT2 XT4 TU,,,,,,,
RA5404006,TRIP UNIT COVER - XT2 TM/MCP,XT2 XT4 TU.L.1.3,M,100,XT2 XT4 TU,,,,,,,
RA5724831,THERM. GROUP R20 UL,XT2 XT4 TU.L.1.4,M,200,XT2 XT4 TU,,,,,,,
RA5724835,THERM. GROUP R40 UL  - XT2 - TM,XT2 XT4 TU.L.2.1,M,200,XT2 XT4 TU,,,,,,,
RA5724850,THERM. GROUP MCS,XT2 XT4 TU.L.2.2,M,200,XT2 XT4 TU,,,,,,,
RA9193803,I3 GROUP P. INT LIGHT,XT2 XT4 TU.L.2.3,M,200,XT2 XT4 TU,,,,,,,
RA9193804,OPERATING MECH. GROUP I3 P. INT. LIGHT,XT2 XT4 TU.L.2.4,M,200,XT2 XT4 TU,,,,,,,
RA9193805,I3 GROUP MCS - XT2 - Grey,XT2 XT4 TU.L.3.1,M,200,XT2 XT4 TU,,,,,,,
RA9193806,I3 GROUP MCS - XT2 - White,XT2 XT4 TU.L.3.2,M,200,XT2 XT4 TU,,,,,,,
RA9490001,TRIP UNIT FRONTAL 3P TMA,XT2 XT4 TU.L.3.3,M,150,XT2 XT4 TU,,,,,,,
RA9490004,TRIP UNIT FRONTAL 3P MF/CUT-OUT SWITCH,XT2 XT4 TU.L.3.4,M,150,XT2 XT4 TU,,,,,,,
RB2521001,TERM. SHAFT 3P,XT2 XT4 TU.L.4.1,M,150,XT2 XT4 TU,,,,,,,
RB2521002,TERM. SHAFT,XT2 XT4 TU.L.4.2,M,500,XT2 XT4 TU,,,,,,,
RB2521008,"THERM, SHAFT 3P",XT2 XT4 TU.L.4.3,M,500,XT2 XT4 TU,,,,,,,
RB6765001,DISK D7.5,XT2 XT4 TU.L.4.4,M,500,XT2 XT4 TU,,,,,,,
,,,,,,,,,,,,
